{"cameraMode":{"drawMode":0,"name":"Shaded","section":"Shading Mode"},"sceneLighting":true,"audioPlay":false,"sceneViewState":{"m_AlwaysRefresh":false,"showFog":true,"showSkybox":true,"showFlares":true,"showImageEffects":true,"showParticleSystems":true,"showVisualEffectGraphs":true,"m_FxEnabled":true},"in2DMode":false,"pivot":{"x":501.3963317871094,"y":262.5711364746094,"z":-1.4041748046875},"rotation":{"x":0.004499881528317928,"y":-0.004500192124396563,"z":0.00002060034057649318,"w":0.9999827742576599},"size":302.504150390625,"orthographic":false}