{"cameraMode":{"drawMode":0,"name":"Shaded","section":"Shading Mode"},"sceneLighting":false,"audioPlay":false,"sceneViewState":{"m_AlwaysRefresh":false,"showFog":true,"showSkybox":false,"showFlares":true,"showImageEffects":true,"showParticleSystems":true,"showVisualEffectGraphs":true,"m_FxEnabled":true},"in2DMode":false,"pivot":{"x":0.7712635397911072,"y":0.6553807258605957,"z":11.158184051513672},"rotation":{"x":0.35021260380744936,"y":-0.14527691900730134,"z":0.055080708116292956,"w":0.9236953854560852},"size":1.6529377698898316,"orthographic":false}